{
  "project_info": {
    "project_number": "1052220840637",
    "firebase_url": "https://ridendrive-67ec5.firebaseio.com",
    "project_id": "ridendrive-67ec5",
    "storage_bucket": "ridendrive-67ec5.appspot.com"
  },
  "client": [
    {
      "client_info": {
        "mobilesdk_app_id": "1:1052220840637:android:e388e73cf448c6a0fcb5d4",
        "android_client_info": {
          "package_name": "com.example.ridendrive"
        }
      },
      "oauth_client": [
        {
          "client_id": "1052220840637-ukt0s1lqbng3t5955a715vek03p0qhj5.apps.googleusercontent.com",
          "client_type": 1,
          "android_info": {
            "package_name": "com.example.ridendrive",
            "certificate_hash": "4815d0c3945ddf6d83d9698bda7a267f6f9308a6"
          }
        },
        {
          "client_id": "1052220840637-5sd90ilja7s3jk2dv5rev3etusrv3n4e.apps.googleusercontent.com",
          "client_type": 3
        }
      ],
      "api_key": [
        {
          "current_key": "AIzaSyCsIrxrKl1wYwpiHq-RGc5SRgJJdnyCf20"
        }
      ],
      "services": {
        "appinvite_service": {
          "other_platform_oauth_client": [
            {
              "client_id": "1052220840637-5sd90ilja7s3jk2dv5rev3etusrv3n4e.apps.googleusercontent.com",
              "client_type": 3
            }
          ]
        }
      }
    }
  ],
  "configuration_version": "1"
}